Rank,Model Name,Architecture Family,Total Dataset Images,Train Images Count,Validation Images Count,Test Images Count,Input Resolution / Features,Training Time (s),Validation Accuracy (%),Test Accuracy (%),Test Precision,Test Recall,Test F1-Score,Performance Tier
1,ResNet-101,Deep Learning (CNN Residual Backbone),55187,39491,5262,10434,128x128 RGB,80.95,92.92,91.5,1.0,0.915,0.9556,Tier 1: SOTA Champion
2,ResNet-50,Deep Learning (CNN Residual Backbone),55187,39491,5262,10434,128x128 RGB,47.45,94.38,90.62,1.0,0.9062,0.9508,Tier 1: SOTA Champion
3,Hist Gradient Boosting,Ensemble (Histogram Gradient Boosting),55187,39491,5262,10434,16x16 RGB + Histograms (816 Features),28.39,81.24,82.08,0.8212,0.8208,0.8206,Tier 2: Strong Performer
4,VGG-19,Deep Learning (CNN Deep Backbone),55187,39491,5262,10434,128x128 RGB,92.82,81.46,80.5,1.0,0.805,0.892,Tier 2: Strong Performer
5,Random Forest,Ensemble (Bagged Decision Trees),55187,39491,5262,10434,16x16 RGB + Histograms (816 Features),1.31,76.86,78.65,0.786,0.7865,0.7859,Tier 2: Strong Performer
6,Extra Trees,Ensemble (Extremely Randomized Trees),55187,39491,5262,10434,16x16 RGB + Histograms (816 Features),0.6,78.95,77.98,0.7801,0.7798,0.7795,Tier 2: Strong Performer
7,Support Vector Machine (RBF),Classical ML (Kernel SVM),55187,39491,5262,10434,16x16 RGB + Histograms (816 Features),3.67,76.86,77.69,0.7809,0.7769,0.778,Tier 2: Strong Performer
8,Multi-Layer Perceptron (MLP),Neural Network (Multi-Layer Perceptron),55187,39491,5262,10434,16x16 RGB + Histograms (816 Features),37.23,76.19,74.93,0.7499,0.7493,0.7495,Tier 3: Moderate Baseline
9,Inception-V3,Deep Learning (CNN Multi-Scale Factorized),55187,39491,5262,10434,128x128 RGB,46.06,76.46,73.25,1.0,0.7325,0.8456,Tier 3: Moderate Baseline
10,K-Nearest Neighbors (KNN),Classical ML (Instance-based),55187,39491,5262,10434,16x16 RGB + Histograms (816 Features),0.0,70.0,70.64,0.7037,0.7064,0.7026,Tier 3: Moderate Baseline
11,Logistic Regression,Classical ML (Linear Classification),55187,39491,5262,10434,16x16 RGB + Histograms (816 Features),7.71,70.19,70.26,0.7055,0.7026,0.7038,Tier 3: Moderate Baseline
12,VGG-16,Deep Learning (CNN Deep Backbone),55187,39491,5262,10434,128x128 RGB,74.24,71.46,69.62,1.0,0.6963,0.8209,Tier 3: Moderate Baseline
13,AdaBoost,Ensemble (Adaptive Boosting),55187,39491,5262,10434,16x16 RGB + Histograms (816 Features),18.03,67.81,68.73,0.6928,0.6873,0.6886,Tier 3: Moderate Baseline
14,Linear SVM,Classical ML (Linear Support Vector Machine),55187,39491,5262,10434,16x16 RGB + Histograms (816 Features),16.56,68.86,68.64,0.6873,0.6864,0.6868,Tier 3: Moderate Baseline
15,Decision Tree,Classical ML (CART Decision Tree),55187,39491,5262,10434,16x16 RGB + Histograms (816 Features),4.36,67.14,65.68,0.6562,0.6568,0.6561,Tier 3: Moderate Baseline
16,Gaussian Naive Bayes,Classical ML (Probabilistic Bayes),55187,39491,5262,10434,16x16 RGB + Histograms (816 Features),0.05,61.14,62.25,0.6268,0.6225,0.6196,Tier 4: Underperforming
17,Swin Transformer / ViT,Vision Transformer (Patch Attention),55187,39491,5262,10434,128x128 RGB (Patch 16x16),30.35,16.25,22.38,1.0,0.2238,0.3657,Tier 4: Underperforming
