Model,Train Time (s),Val Accuracy (%),Test Accuracy (%),Test Precision,Test Recall,Test F1-Score,Confusion Matrix
ResNet-101,80.95,92.92,91.5,1.0,0.915,0.9556,"[[732, 35, 33], [0, 0, 0], [0, 0, 0]]"
ResNet-50,47.45,94.38,90.62,1.0,0.9062,0.9508,"[[725, 24, 51], [0, 0, 0], [0, 0, 0]]"
Hist Gradient Boosting,28.39,81.24,82.08,0.8212,0.8208,0.8206,"[[272, 54, 23], [49, 277, 24], [7, 31, 312]]"
VGG-19,92.82,81.46,80.5,1.0,0.805,0.892,"[[644, 72, 84], [0, 0, 0], [0, 0, 0]]"
Random Forest,1.31,76.86,78.65,0.786,0.7865,0.7859,"[[268, 51, 30], [49, 258, 43], [18, 33, 299]]"
Extra Trees,0.6,78.95,77.98,0.7801,0.7798,0.7795,"[[258, 62, 29], [51, 263, 36], [17, 36, 297]]"
Support Vector Machine (RBF),3.67,76.86,77.69,0.7809,0.7769,0.778,"[[264, 66, 19], [49, 268, 33], [17, 50, 283]]"
Multi-Layer Perceptron (MLP),37.23,76.19,74.93,0.7499,0.7493,0.7495,"[[257, 66, 26], [65, 244, 41], [16, 49, 285]]"
Inception-V3,46.06,76.46,73.25,1.0,0.7325,0.8456,"[[586, 1, 213], [0, 0, 0], [0, 0, 0]]"
K-Nearest Neighbors (KNN),0.0,70.0,70.64,0.7037,0.7064,0.7026,"[[258, 56, 35], [79, 198, 73], [24, 41, 285]]"
Logistic Regression,7.71,70.19,70.26,0.7055,0.7026,0.7038,"[[258, 71, 20], [65, 221, 64], [15, 77, 258]]"
VGG-16,74.24,71.46,69.62,1.0,0.6963,0.8209,"[[557, 56, 187], [0, 0, 0], [0, 0, 0]]"
AdaBoost,18.03,67.81,68.73,0.6928,0.6873,0.6886,"[[248, 72, 29], [54, 241, 55], [35, 83, 232]]"
Linear SVM,16.56,68.86,68.64,0.6873,0.6864,0.6868,"[[257, 69, 23], [69, 212, 69], [23, 76, 251]]"
Decision Tree,4.36,67.14,65.68,0.6562,0.6568,0.6561,"[[243, 51, 55], [71, 205, 74], [38, 71, 241]]"
Gaussian Naive Bayes,0.05,61.14,62.25,0.6268,0.6225,0.6196,"[[259, 65, 25], [75, 212, 63], [80, 88, 182]]"
Swin Transformer / ViT,30.35,16.25,22.38,1.0,0.2238,0.3657,"[[179, 621], [0, 0]]"
