Model,Accuracy,Precision_Macro,Precision_Weighted,Recall_Macro,Recall_Weighted,F1_Macro,F1_Weighted,ROC_AUC,Params_M,Size_MB,FLOPs_G,Latency_ms
custom_convnet,1.0,1.0,1.0,1.0,1.0,1.0,1.0,1.0,1.702916,6.503715515136719,0.980872704,15.381872000871226
mobilenet_v2,1.0,1.0,1.0,1.0,1.0,1.0,1.0,1.0,2.228996,8.633468627929688,0.32621184,16.14190599997528
mobilenet_v3_small,0.7857142857142857,0.8846153846153846,0.8846153846153847,0.7857142857142857,0.7857142857142857,0.7375,0.7374999999999999,1.0,1.521956,5.852264404296875,0.06145804,8.70813800022006
shufflenet_v2,0.8214285714285714,0.8958333333333334,0.8958333333333334,0.8214285714285714,0.8214285714285714,0.7953216374269007,0.7953216374269007,1.0,1.257704,4.8599090576171875,0.151688888,14.784760000184178
resnet18,0.9642857142857143,0.96875,0.96875,0.9642857142857143,0.9642857142857143,0.9641025641025641,0.9641025641025641,1.0,11.178564,42.67961120605469,1.82352384,26.105139999417588
resnet50,1.0,1.0,1.0,1.0,1.0,1.0,1.0,1.0,23.516228,89.91033172607422,4.131702784,67.8097840002738
densenet121,1.0,1.0,1.0,1.0,1.0,1.0,1.0,1.0,6.957956,26.862510681152344,2.8959872,55.80999199999496
vgg16,0.5,0.3333333333333333,0.3333333333333333,0.5,0.5,0.375,0.375,0.5255102040816326,134.276932,512.2258453369141,15.46623488,160.11749799945392
efficientnet_b0,1.0,1.0,1.0,1.0,1.0,1.0,1.0,1.0,4.012672,15.467781066894531,0.413870144,23.787858000723645
efficientnet_b4,0.8214285714285714,0.8402777777777778,0.8402777777777778,0.8214285714285715,0.8214285714285714,0.8193910256410257,0.8193910256410256,0.945578231292517,17.555788,67.44834899902344,1.57682412,59.18039800017141
convnext_tiny,1.0,1.0,1.0,1.0,1.0,1.0,1.0,1.0,27.823204,106.13710021972656,4.463384832,56.73487799940631
vit_base,0.75,0.625,0.625,0.75,0.75,0.6666666666666666,0.6666666666666666,1.0,85.801732,327.30763244628906,11.285489664,170.42374999960884
deep_ensemble,1.0,1.0,1.0,1.0,1.0,1.0,1.0,1.0,131.180724,500.89308166503906,17.325698616,263.0669100000523
